{"cameraMode":{"drawMode":0,"name":"Shaded","section":"Shading Mode"},"sceneLighting":false,"audioPlay":false,"sceneViewState":{"showFog":true,"showMaterialUpdate":false,"showSkybox":true,"showFlares":true,"showImageEffects":true,"showParticleSystems":true},"in2DMode":false,"pivot":{"x":-7.562194347381592,"y":-1.9737577438354493,"z":-0.39633846282958987},"rotation":{"x":0.09066014736890793,"y":-0.7051880955696106,"z":0.09169935435056687,"w":0.697196364402771},"size":10.835168838500977,"orthographic":false}